118,119,120,121,122,123,126,127,128,129,130,133,134,135,136,137,138,140,141,142,143,144,145,146,
81,82,83,84,85,86,

413,414,415,416,417,418,419,420,432,433,434,435,436,437,

129,130,131,132,133,134,
35,36,37,38,39,40,41,42,43,
55,56,57,58,59,60,61,62,114,115,116,117,122,
37,38,39,40,41,134,135,136,137,321,322,323,324,325,326,
94,95,96,97,
17,18,19,20,21,22,23,24,26,27,28,29,30,
0,1,2,3,4,6,7,8,9,10,
58,59,60,61,62,63,64,
201,202,203,204,205,206,207,208,209,210,
12,13,14,15,16,17,18,19,30,31,32,33,34,35,36,39,40,41,42,43,44,45,52,53,54,55,56,57,58,
13,14,15,16,17,18,19,134,135,136,137,138,139,
0,1,2,3,4,8,9,10,11,12,22,23,24,25,26,
12,13,14,15,16,
2,3,4,5,
47,48,49,
25,26,27,28,29,31,32,33,
0,1,2,3,4,

13,14,15,16,17,18,19,20,21,22,23,24,25,50,51,52,53,54,55,71,72,73,74,75,
238,239,240,241,242,
13,14,15,16,17,18,19,20,21,
22,23,24,25,
16,17,18,43,44,45,46,47,48,
5,6,7,8,9,10,11,13,14,15,16,17,
129,130,131,132,133,135,136,137,138,139,140,141,142,175,176,177,178,179,180,184,185,186,189,190,191,192,193,194,197,198,199,200,
180,181,182,183,
57,58,59,60,61,62,63,64,65,66,67,68,70,71,72,73,74,75,76,77,
17,18,19,20,21,22,23,24,25,26,
8,9,10,11,12,
28,29,30,31,32,33,34,35,
18,19,20,21,22,23,
12,13,14,15,16,
10,11,20,21,22,23,24,25,26,27,
42,43,
6,7,8,9,10,11,12,94,95,96,97,
12,13,14,15,17,18,19,20,
157,158,159,160,216,217,218,219,220,221,222,223,230,231,232,233,234,
36,37,38,39,42,43,44,45,46,49,50,51,52,53,54,61,62,
0,1,2,3,
14,15,16,17,18,19,20,21,27,28,29,30,31,
118,119,120,121,122,
41,42,43,44,45,
47,48,49,50,51,52,53,54,
23,24,25,26,34,35,36,37,38,
18,19,20,21,306,307,308,309,
5,6,7,8,9,10,11,17,18,19,20,21,22,23,24,25,121,122,123,124,
7,8,9,10,
14,15,16,17,18,
81,82,83,84,85,
44,45,46,47,48,
30,31,32,33,36,37,38,39,40,41,42,43,44,45,
7,8,9,10,9,
52,53,54,60,61,62,63,64,65,66,67,68,69,70,
218,219,220,221,222,223,224,
21,22,23,24,25,26,
211,
30,31,32,33,34,35,36,37,178,179,180,181,182,183,184,360,361,362,363,364,365,366,367,368,
66,67,68,69,
93,94,95,96,
0,1,2,3,4,8,9,10,11,12,13,14,
36,37,38,39,40,41,
30,31,32,33,35,36,37,38,39,
75,76,77,78,79,80,81,82,
21,22,23,24,25,
35,36,37,38,39,40,41,42,43,44,
22,23,24,25,26,27,28,29,30,31,32,187,188,189,190,191,192,193,194,195,196,197,211,212,213,214,215,

55,56,57,58,59,60,
50,51,52,83,84,85,86,
7,8,9,10,11,12,
240,241,242,243,244,245,276,277,278,279,280,281,282,
92,93,94,95,
13,14,15,16,17,32,33,34,35,36,37,38,39,67,68,69,70,71,72,73,77,78,79,80,
14,15,16,17,18,19,102,103,104,105,106,107,
21,22,23,24,25,26,27,28,155,156,157,158,159,175,176,177,178,179,180,181,
34,35,36,37,39,40,41,42,
52,53,54,55,56,57,58,
5,6,7,8,9,10,7,
28,29,30,31,32,33,39,40,41,42,43,44,45,
114,115,116,117,118,119,
101,102,103,104,105,106,107,108,110,111,112,113,114,134,135,136,137,138,139,140,141,142,
300,301,302,303,304,
0,1,2,3,4,5,6,8,9,10,11,12,
11,12,13,14,15,23,24,25,26,27,39,40,41,42,43,44,45,46,47,48,49,50,51,
28,29,30,31,32,33,252,253,254,255,256,257,
11,12,13,14,15,
20,21,22,23,24,25,
34,35,36,37,38,39,42,43,44,45,
87,88,89,90,91,92,104,105,106,107,108,109,
199,310,311,312,313,314,
14,15,16,17,18,
336,337,338,339,340,341,
17,18,19,20,45,46,47,48,49,50,58,59,60,61,62,63,
15,16,17,18,19,103,104,105,106,107,108,
0,1,2,3,43,44,45,46,
0,1,2,3,4,5,13,14,15,16,17,18,
12,13,14,15,16,17,18,19,20,21,
0,1,2,3,4,5,242,243,244,245,246,
24,25,26,27,28,29,30,31,37,38,41,42,89,90,91,92,
28,29,30,31,32,33,34,35,
0,1,2,3,4,5,6,7,
107,108,109,110,111,112,113,
177,178,179,180,181,182,184,185,186,187,188,189,190,191,192,195,196,197,198,199,200,201,202,203,204,205,209,210,211,212,213,391,392,393,394,395,
32,33,34,35,36,37,38,
53,54,55,56,57,58,68,69,70,71,72,73,74,75,

95,96,97,98,99,100,101,102,
0,1,2,3,4,5,
33,34,35,36,
0,1,2,3,20,21,22,23,
39,40,41,42,43,44,45,
79,80,81,82,83,84,85,91,92,93,94,95,96,97,98,99,336,337,338,339,350,351,357,358,
97,98,99,100,101,102,
76,77,78,79,80,81,
19,20,21,22,23,24,25,26,77,78,79,80,81,
13,14,15,16,17,
24,25,26,27,28,29,30,32,33,34,35,36,37,38,39,40,
37,38,39,40,41,42,370,371,372,373,374,375,
233,234,235,236,
114,115,116,117,118,119,
25,26,27,28,
19,20,21,22,23,24,25,
18,19,20,21,24,25,26,27,28,34,35,36,37,40,41,42,43,45,46,47,48,49,50,51,
7,8,9,10,11,12,13,14,
8,9,10,11,
21,22,23,24,25,26,27,
0,1,2,3,5,6,7,8,9,36,37,38,39,
15,16,17,18,19,
37,38,39,40,41,108,109,110,111,112,113,
12,13,14,15,16,17,18,19,20,
71,72,73,74,75,76,77,
166,167,168,169,170,171,
20,21,22,23,24,25,26,27,28,361,362,363,364,365,366,367,368,369,
115,116,117,118,119,120,
73,74,75,76,
17,18,19,20,21,
105,106,107,108,109,110,
48,49,50,51,52,53,
45,46,47,48,49,139,140,141,142,
21,22,23,24,27,28,29,30,31,34,35,36,37,39,40,41,42,43,44,45,48,49,50,51,54,55,56,57,
23,24,25,26,27,

142,143,144,145,146,147,
66,67,68,69,70,71,
125,126,127,128,
40,41,42,43,
0,1,2,3,4,
7,8,9,10,11,12,13,14,15,16,43,44,45,46,47,52,53,54,55,56,57,58,59,60,61,
0,1,2,3,4,5,
208,209,210,211,212,213,
27,28,29,30,31,
70,71,72,73,74,75,
17,18,19,20,21,22,23,24,25,26,144,145,146,147,148,149,150,151,152,
38,39,40,41,42,43,
10,11,12,13,14,
39,40,41,42,43,148,149,150,151,152,153,154,155,156,157,150,155,
121,122,123,124,125,126,127,128,130,131,132,133,
198,199,200,201,202,203,
22,23,24,25,26,27,
38,39,40,41,42,43,44,45,46,
18,19,20,21,22,23,24,26,27,28,29,30,31,
20,21,22,23,24,25,
28,29,30,31,
22,23,24,25,26,27,
0,1,2,3,4,6,7,8,9,10,
7,8,9,10,11,12,
81,82,83,84,118,119,120,121,
24,25,26,27,28,29,270,271,272,273,274,275,
39,40,41,42,43,48,49,50,51,52,53,61,62,63,64,65,66,67,68,69,
186,187,188,189,190,191,192,193,194,307,308,309,310,311,312,
19,20,21,22,23,
79,80,81,82,83,84,
8,9,10,11,12,
39,40,41,42,43,44,
5,6,7,8,9,10,
52,53,54,55,56,57,59,60,61,62,63,64,65,66,67,75,76,77,78,79,80,
24,25,26,27,28,29,
14,15,16,17,
38,39,40,41,42,43,133,134,135,136,
27,28,29,30,31,32,33,34,35,36,
8,9,10,11,12,13,203,204,205,206,207,208,
311,312,313,314,398,399,400,401,402,
0,1,2,3,
18,19,20,21,22,23,24,278,279,280,281,282,283,284,285,287,288,289,290,291,
29,30,31,32,33,34,35,36,48,49,50,51,
17,18,19,20,21,87,88,89,90,
20,21,22,23,24,
16,17,18,19,20,21,22,80,81,82,83,84,85,86,87,
197,198,199,200,201,202,203,204,205,217,218,219,220,221,222,223,224,225,
8,9,10,11,12,13,14,15,16,407,408,409,410,411,412,413,414,415,
25,26,27,28,29,30,
0,1,2,3,4,
9,10,11,12,
98,99,100,101,102,103,
54,55,56,57,58,59,276,277,278,279,280,281,282,
49,50,51,52,53,
18,19,20,21,22,23,
152,153,156,157,161,162,
15,16,17,18,145,146,192,193,194,195,196,197,198,203,
100,101,102,103,104,105,106,107,108,
0,1,54,55,56,57,79,80,82,83,84,
83,84,85,86,87,88,89,90,91,
25,26,27,28,29,30,
19,20,21,22,23,24,25,26,27,28,29,171,172,173,183,184,185,186,187,188,189,320,321,322,323,324,325,326,327,328,329,
130,131,132,133,134,135,136,137,
67,68,69,70,71,72,73,74,75,
12,13,14,15,16,17,19,20,21,22,39,40,41,42,43,
10,11,12,13,14,15,
18,19,20,21,22,23,19,20,
126,127,128,129,130,
41,42,43,44,45,46,
74,75,76,77,78,79,80,81,83,84,85,86,87,88,89,
87,88,89,90,91,92,
0,1,2,3,5,6,7,8,
10,11,12,13,14,15,16,25,26,27,28,13,

330,331,332,333,
36,37,38,39,55,57,58,59,60,61,62,63,64,65,
0,1,2,3,4,5,
6,7,8,9,10,11,13,14,15,16,17,18,19,20,21,
155,156,157,158,159,160,
217,218,219,220,221,222,218,
25,26,27,28,
9,10,11,12,13,14,
121,122,123,124,125,
21,22,23,24,25,26,59,

8,9,10,11,12,
48,49,50,51,52,53,226,227,228,229,230,231,232,
14,15,16,17,18,19,20,29,30,31,32,33,34,35,
37,38,39,40,41,
0,1,2,3,107,108,109,110,
27,28,29,30,31,32,33,34,47,48,49,50,51,
21,22,23,24,25,26,27,28,53,54,55,56,57,58,85,86,87,88,89,90,91,92,93,94,
248,249,250,251,252,253,254,255,
0,1,2,3,5,6,
49,50,51,52,53,54,98,99,100,101,102,
20,21,22,23,24,25,
12,13,14,15,16,17,18,19,20,75,76,77,78,79,80,81,82,83,
12,13,14,15,16,17,18,21,22,23,24,25,26,27,28,29,32,33,34,
79,80,81,82,83,84,
82,83,84,85,86,87,
157,158,159,160,161,162,163,164,165,166,
13,14,15,16,17,18,20,21,22,23,24,25,26,27,66,67,68,69,70,71,72,73,74,75,146,147,148,149,152,153,154,163,164,165,166,167,168,169,170,171,172,174,175,176,177,
83,84,85,86,87,
138,139,140,141,144,145,146,147,

44,45,46,47,48,154,155,156,157,158,159,160,161,162,
0,1,2,3,4,5,49,50,51,52,53,54,61,62,63,64,65,66,67,68,
80,81,82,83,142,143,144,145,146,
19,20,21,22,23,253,254,255,256,257,258,
101,102,103,104,105,106,107,204,205,206,207,208,209,210,211,214,215,216,102,206,209,215,
147,148,149,150,151,152,153,154,
14,15,16,17,18,19,21,22,
5,6,7,8,9,10,11,12,13,
233,234,235,236,237,238,
13,14,15,22,23,24,25,27,28,29,30,31,89,90,91,92,93,94,95,96,
273,274,275,276,277,278,279,280,281,282,395,396,397,398,399,400,474,475,476,477,478,479,
144,145,146,147,148,
18,19,20,21,22,23,59,60,61,62,63,64,65,66,67,68,69,70,82,83,84,85,86,87,88,89,92,93,94,112,
18,19,20,21,22,43,44,45,46,47,48,113,114,115,116,117,
15,16,17,18,19,
14,15,16,17,18,19,20,21,72,73,74,75,76,77,78,119,120,121,122,123,
27,28,29,30,31,
259,260,261,262,
51,52,53,54,55,56,
6,7,8,9,10,11,132,133,134,135,136,137,138,139,9,138,
22,23,24,25,26,27,29,30,31,32,55,56,57,58,59,60,232,233,234,235,236,237,238,
5,6,7,8,10,11,12,13,14,15,16,26,27,28,29,37,38,51,52,53,54,55,56,57,73,74,75,76,77,
77,78,79,80,81,82,78,81,
67,68,69,70,71,73,74,75,76,77,78,79,80,81,
193,194,195,196,198,199,200,
10,11,12,13,14,
0,1,2,3,4,57,58,59,60,80,81,82,83,84,
57,58,59,60,61,
9,10,11,12,13,14,15,16,18,19,20,
95,96,97,98,99,100,
234,235,236,
82,83,84,85,86,
0,1,2,3,122,123,124,
19,20,21,22,23,24,25,26,40,41,42,43,44,45,46,47,49,50,51,52,53,54,55,56,
19,20,21,22,23,24,25,26,28,29,30,31,32,33,34,35,36,87,88,89,90,91,92,93,94,95,255,256,257,258,259,260,24,33,88,94,256,
94,95,96,97,98,
40,41,42,146,147,148,155,156,159,160,161,162,174,175,176,177,178,179,180,181,184,185,186,187,188,189,190,192,193,194,195,196,197,198,
199,200,201,202,203,204,
321,322,323,324,325,326,327,328,329,330,331,332,348,349,350,351,352,353,354,355,356,357,358,
296,297,298,299,300,301,
4,5,6,7,8,9,20,21,22,23,24,56,57,58,59,60,61,
6,7,8,9,10,118,119,120,121,122,123,
9,10,11,12,13,14,271,272,273,274,275,276,277,
190,191,192,193,194,195,
202,203,204,205,206,207,208,
19,20,21,22,23,24,49,50,51,52,
13,14,15,16,17,18,
3,4,5,6,7,14,15,16,17,18,19,20,
318,319,320,321,322,323,373,374,375,376,377,378,379,380,381,
287,288,289,290,291,292,
374,375,376,377,378,379,380,381,387,388,389,390,391,392,393,394,395,396,436,437,438,439,
20,21,22,23,24,
52,53,54,55,
28,29,30,31,32,
0,1,2,3,5,6,7,8,9,10,11,12,13,15,16,17,18,19,20,21,23,24,25,26,27,29,30,31,32,33,34,35,
10,11,12,13,14,15,
147,148,224,225,226,227,228,232,233,234,235,
27,28,29,30,31,32,
18,19,20,21,22,23,68,69,70,71,72,73,74,75,76,
215,216,217,218,219,220,
23,24,25,26,27,28,49,50,51,52,53,54,
42,43,44,45,46,47,
49,50,51,52,53,54,55,56,57,58,
88,89,94,95,96,97,
30,31,32,33,34,35,36,
54,55,56,57,58,59,
115,116,117,
8,9,10,11,12,13,
5,6,7,8,9,10,11,12,13,
21,22,23,24,25,26,
183,184,185,186,187,188,
169,170,171,172,173,174,
0,1,2,3,6,7,8,9,10,11,12,28,29,30,
31,32,33,34,35,36,
12,13,14,15,16,17,18,19,20,
11,12,13,14,15,
15,16,17,18,90,91,92,93,94,95,96,
55,56,57,58,59,60,61,
35,36,37,38,
47,48,49,50,51,
21,22,23,24,25,26,27,28,29,30,104,105,106,107,
10,11,12,116,117,118,119,120,121,122,123,124,
36,37,38,39,40,57,58,59,60,61,62,
9,10,11,12,273,274,275,276,
8,9,10,11,12,13,14,15,59,60,61,62,63,64,65,66,
26,27,28,29,
0,1,2,3,4,5,6,
13,14,15,16,17,18,19,20,
202,203,204,205,206,207,
0,1,2,9,10,11,12,13,16,17,18,19,21,22,23,24,26,27,33,34,35,36,37,
48,49,50,51,52,
52,53,54,55,56,57,
4,5,6,7,8,9,71,72,73,74,75,76,
80,81,82,83,84,85,
69,70,71,72,73,74,
4,5,6,7,8,9,10,21,22,23,24,
41,42,43,44,45,46,47,48,47,
4,5,6,7,8,9,140,141,142,143,144,145,256,257,258,259,260,261,5,144,259,
13,14,15,16,17,18,19,26,27,28,30,31,32,33,
214,215,216,224,225,226,
10,11,12,13,14,
30,31,32,33,34,35,130,131,132,133,134,135,
55,56,57,58,
124,125,126,127,
18,19,20,21,22,24,25,26,27,28,
20,21,22,23,24,25,
152,153,154,155,156,157,158,
87,88,89,90,348,349,
176,177,178,179,180,181,182,183,
4,5,6,7,8,9,10,12,13,14,15,16,
145,146,147,148,149,150,203,204,205,206,207,
311,312,313,314,315,316,317,318,319,320,
30,31,32,33,
8,9,10,11,12,31,32,33,34,35,
52,53,54,55,56,57,58,
77,78,79,80,81,82,83,84,291,
156,157,158,159,160,161,163,164,165,166,167,168,
9,10,11,12,13,14,71,72,73,74,75,76,77,78,91,92,93,94,95,
10,11,12,13,14,15,
71,72,73,74,75,76,78,79,80,81,82,
124,125,126,127,128,129,131,132,133,134,135,136,137,138,139,146,147,148,149,150,151,152,153,154,155,156,
30,31,32,33,34,
76,77,78,79,80,
13,14,15,16,17,18,
4,5,6,7,8,9,10,11,12,13,49,50,51,52,53,
20,21,22,29,30,31,32,33,
121,122,123,124,125,127,128,129,130,131,132,133,134,135,
4,5,6,7,8,9,10,11,18,19,20,21,83,84,85,86,87,88,89,90,140,141,142,143,144,145,179,180,181,182,183,184,185,
34,35,36,37,38,39,85,86,87,155,156,157,158,159,
127,128,129,130,131,
66,67,68,69,70,
45,46,47,48,49,50,
15,16,17,18,19,20,68,69,70,71,72,73,
69,70,71,72,73,
0,1,2,3,4,5,
94,95,96,97,98,99,
16,17,18,19,20,
37,38,39,40,41,42,43,44,45,
15,16,19,20,21,22,23,24,
26,27,28,29,301,302,303,304,305,306,307,308,
8,9,10,11,12,86,87,88,89,90,91,
35,36,37,38,297,298,299,300,301,302,303,304,306,307,308,309,
46,47,48,49,50,51,52,
0,1,2,3,5,6,7,9,10,11,12,13,14,20,21,22,23,25,26,27,29,30,32,33,34,36,37,38,39,40,
6,7,8,9,10,11,29,30,31,32,33,34,
27,28,29,30,33,34,35,36,
54,55,56,57,
100,101,102,103,104,105,170,171,172,173,174,175,176,177,178,175,
261,262,263,264,265,266,
33,34,35,36,37,38,
54,55,56,57,58,59,60,166,167,168,169,
118,119,120,121,122,123,
21,22,23,24,25,26,255,256,257,258,259,260,261,262,263,264,
57,58,59,60,61,62,
81,82,83,84,185,186,187,188,189,190,191,203,204,205,
26,27,28,29,30,31,32,34,35,36,37,38,
14,15,16,17,18,19,20,21,23,24,25,26,27,
65,66,67,68,69,80,81,82,83,84,85,
13,55,56,57,58,59,60,61,62,
197,198,199,200,
14,15,16,17,18,19,20,21,22,23,24,25,27,28,29,30,31,
55,56,57,58,59,60,107,108,109,110,111,112,
37,38,39,40,41,42,43,44,45,
0,1,2,3,4,5,6,8,9,10,11,12,64,65,66,67,
82,83,84,85,86,87,88,89,90,83,87,
23,24,25,26,27,

74,75,76,77,78,79,80,81,82,
8,9,10,11,12,13,
16,17,18,19,20,21,38,39,40,41,42,43,44,45,
24,25,26,27,28,29,30,
7,8,9,10,11,12,13,
64,65,66,67,68,69,70,120,121,122,123,124,125,
0,1,2,3,4,5,6,
141,142,143,144,145,146,
17,18,19,20,33,34,35,36,
64,65,66,67,68,69,
157,158,159,160,161,
7,8,9,10,11,12,13,14,61,62,63,64,
7,8,9,10,11,152,153,154,155,156,
15,16,17,18,19,20,
131,132,133,134,135,146,147,148,149,150,151,152,153,
23,24,25,26,27,28,29,30,31,32,
7,8,9,10,11,12,
38,39,40,41,42,43,44,
8,9,10,11,12,13,
13,14,15,16,
311,312,313,314,
16,17,18,159,160,161,162,163,
27,28,29,30,31,
78,79,80,81,82,83,126,127,128,129,130,131,132,133,134,135,
221,222,223,224,225,226,227,228,229,230,231,232,235,236,237,238,239,240,241,242,243,244,
12,13,14,15,16,
6,7,8,9,10,11,
18,19,20,21,
110,111,112,113,114,115,117,118,119,120,121,122,
158,159,160,161,162,163,164,
41,42,43,
11,12,13,
342,343,344,345,346,347,348,349,350,351,352,353,
72,73,74,75,76,77,
78,79,80,81,242,243,244,245,246,247,248,249,250,
59,60,61,62,63,
134,135,136,137,138,139,142,143,144,145,146,147,148,149,
74,75,76,77,78,79,95,96,97,98,99,100,
33,34,35,36,37,
261,262,263,264,265,266,267,268,360,361,362,363,364,365,366,367,
68,69,70,71,72,
39,40,41,42,43,93,94,95,96,
19,20,21,22,173,174,175,176,177,178,179,180,
131,132,133,134,135,136,137,138,
23,24,25,26,27,28,29,
23,24,25,26,27,28,
0,1,2,3,4,5,6,8,9,10,11,
49,50,51,52,53,
31,32,33,34,35,37,38,39,41,42,43,44,45,47,48,49,50,51,

37,38,39,40,41,42,108,109,110,111,112,113,214,215,216,217,218,219,
37,38,39,40,41,42,43,44,45,
29,30,31,32,33,34,35,36,
31,32,33,34,35,
8,9,10,11,262,263,264,265,266,267,268,328,329,330,361,362,363,364,365,366,367,
64,65,66,67,68,69,72,73,74,75,76,77,
62,63,64,65,66,67,75,76,77,78,79,80,81,82,83,
2,3,4,5,6,18,19,20,22,23,24,25,26,27,28,
58,59,60,61,62,63,64,65,
93,94,95,96,97,98,107,108,124,125,126,127,134,135,136,143,144,145,146,147,150,151,152,153,154,155,157,158,159,160,161,162,163,
5,6,7,8,
23,24,25,26,27,
86,87,88,89,90,91,94,95,96,97,98,99,100,101,102,103,106,107,108,109,110,111,112,113,114,
9,10,11,12,13,93,94,95,96,97,98,112,113,114,115,116,117,
15,16,17,
31,32,33,34,35,36,37,38,39,40,41,44,45,46,47,48,49,50,51,52,53,54,55,62,63,64,65,189,190,191,192,193,
14,15,16,17,18,19,20,21,
32,33,34,35,36,37,
35,36,37,38,39,72,73,74,75,150,151,152,153,
11,54,55,56,57,61,62,63,64,65,66,67,68,69,70,71,86,94,95,98,99,100,
77,78,79,80,81,82,84,85,86,87,
162,163,164,165,166,167,
15,16,17,18,19,
14,15,16,24,25,26,27,28,
103,104,105,106,107,108,109,110,111,114,115,116,117,118,119,
19,20,21,22,23,24,
12,13,14,15,16,17,18,19,20,21,22,23,157,158,159,160,161,167,168,169,170,171,173,174,181,182,183,184,
4,5,6,7,8,33,34,35,36,37,38,137,138,139,140,146,147,148,149,150,151,152,153,154,155,
17,18,19,20,27,28,29,30,31,40,41,42,43,
239,240,241,242,
0,1,2,3,4,5,
35,36,37,38,39,
5,6,7,8,9,21,22,23,24,25,26,27,
47,48,49,50,51,52,139,140,141,142,143,144,367,368,369,370,371,372,373,374,375,
12,13,14,15,130,131,132,133,134,135,
30,31,32,33,34,35,41,42,43,44,45,46,47,48,
58,59,60,61,62,
30,31,32,33,35,36,37,38,39,40,41,42,
218,219,220,221,222,223,
25,26,27,28,29,
112,113,114,115,116,117,118,120,121,122,123,
163,164,165,166,167,168,
36,37,38,39,40,41,42,307,308,309,310,311,
179,180,181,182,183,

1,2,3,4,5,6,7,8,9,15,16,17,18,20,21,22,32,33,34,35,
457,458,459,460,461,462,
90,91,92,93,94,95,
14,15,16,17,19,20,21,
42,43,44,45,46,47,48,49,50,118,119,120,121,122,123,124,
45,46,47,48,49,50,51,52,82,83,84,85,86,87,88,89,90,
22,23,24,25,26,103,104,105,106,107,108,122,123,124,125,126,127,128,246,247,248,249,250,251,252,253,
19,20,21,22,23,24,
6,7,8,9,10,11,
13,14,15,16,17,18,63,64,65,66,
64,65,66,67,68,69,75,76,77,78,79,106,107,108,109,110,111,
102,103,104,105,106,107,108,
21,22,23,24,25,26,27,28,31,32,33,38,39,40,74,75,76,77,78,79,80,81,
54,55,56,57,
35,36,38,39,41,42,44,45,46,47,48,51,52,53,54,57,58,59,60,61,63,64,65,66,67,68,69,70,
39,40,41,42,43,44,45,51,52,53,54,55,56,57,58,
15,16,17,18,19,
15,16,17,18,19,20,
26,27,28,29,30,31,
16,17,18,19,20,21,
18,19,20,21,22,
14,15,16,17,18,19,20,21,22,23,24,
39,40,41,42,43,44,
15,16,17,18,19,20,21,22,23,24,98,99,100,101,102,103,
61,62,63,64,65,
8,9,10,11,12,13,14,
3,4,5,6,
99,100,101,102,108,109,110,111,
390,391,392,393,394,395,
25,26,27,28,29,30,
52,53,54,55,56,57,58,82,83,84,105,106,107,108,
20,21,22,23,24,25,26,27,230,231,232,233,234,235,236,237,238,
20,21,22,23,94,95,96,97,98,99,
222,223,224,225,226,
265,266,267,268,269,270,295,296,297,298,299,300,400,401,402,403,
125,126,127,128,129,130,
28,29,30,31,32,33,
135,136,137,138,139,140,157,158,159,160,161,162,
39,40,41,42,43,44,45,46,47,48,86,87,88,89,90,91,93,94,95,96,
0,1,2,3,5,6,7,8,9,10,11,12,14,15,16,17,18,19,20,
60,61,62,63,64,65,67,68,69,70,
18,19,20,21,22,31,32,33,34,35,36,37,38,39,

19,20,21,22,23,24,29,30,31,32,33,34,114,115,116,117,
9,10,11,12,13,14,15,

7,8,9,10,11,12,14,15,16,17,18,19,20,21,22,
206,207,208,209,210,211,
95,96,97,98,99,100,
14,15,16,17,18,51,52,
16,17,18,19,74,75,76,77,78,
9,10,11,12,13,14,209,210,211,212,
12,13,14,15,
11,12,13,14,15,
0,1,2,3,9,10,11,12,13,14,
111,112,113,114,115,116,117,118,119,120,
7,8,9,10,11,12,
29,30,31,32,33,34,35,36,
11,12,13,14,15,
116,117,118,119,120,121,
0,1,2,3,106,107,108,
4,5,6,7,8,9,25,26,27,28,29,30,39,40,41,42,43,44,45,46,95,96,97,98,99,100,169,170,171,172,173,174,
13,14,15,16,
31,32,33,34,35,
118,119,120,121,122,123,
35,36,37,38,39,40,41,42,111,112,113,114,115,116,117,118,
7,8,9,10,11,12,13,14,15,
0,1,2,3,4,5,6,7,8,9,140,141,142,143,144,145,
151,152,153,154,
110,111,112,113,
0,1,2,3,4,5,6,34,35,
44,45,46,47,48,49,
6,7,8,9,10,11,12,13,40,41,42,43,44,45,332,333,334,335,336,
175,176,177,178,
277,278,279,280,281,282,
85,86,87,88,89,90,91,92,93,
20,21,22,23,24,25,
60,61,62,63,64,65,
177,178,179,180,181,182,
11,12,13,14,15,16,17,18,30,31,32,33,34,39,40,41,42,43,44,
4,5,6,7,8,9,16,17,18,19,
102,103,104,105,106,107,108,109,110,
32,33,34,35,
40,41,42,43,45,46,48,49,52,53,54,55,56,57,58,59,60,61,
381,382,383,384,
116,117,118,119,120,121,165,166,167,177,178,179,180,181,182,183,206,207,208,209,210,211,212,213,214,215,
22,23,24,25,26,27,64,65,66,67,68,69,70,71,72,99,100,101,102,103,
23,24,25,26,27,85,86,87,88,89,90,91,92,299,300,301,302,
13,14,15,16,17,18,19,
22,23,24,25,26,
0,1,2,3,4,5,6,7,53,54,55,56,57,69,70,71,72,73,74,75,76,77,78,
18,19,20,21,22,
55,56,57,58,59,60,
20,21,22,23,24,25,26,27,28,
13,14,15,16,17,18,
7,8,9,10,11,
35,36,37,38,39,40,237,238,239,240,241,242,
46,47,48,49,50,435,436,437,438,439,
53,54,55,56,
37,38,39,40,41,42,43,44,57,58,59,60,61,
24,25,26,27,28,29,
18,19,20,21,22,

18,19,20,21,22,
19,20,21,22,23,24,25,26,27,28,25,
45,46,47,48,49,50,66,67,68,69,70,71,72,73,
116,117,118,119,120,183,184,185,186,187,
7,8,9,10,11,12,17,18,19,20,21,54,55,56,57,101,102,103,104,105,
5,6,7,8,9,10,11,12,13,48,49,50,51,64,65,66,67,

9,10,11,12,13,14,
51,52,53,54,55,56,122,123,124,125,126,127,128,
101,102,103,104,105,106,110,111,112,120,121,122,123,124,125,127,128,129,130,131,
17,18,19,20,21,22,24,25,26,27,28,29,37,38,39,40,41,42,45,46,47,48,49,50,53,54,55,56,57,58,
4,5,6,7,
166,167,168,169,170,171,172,173,174,175,196,197,198,199,200,
12,13,14,15,23,24,25,26,167,168,169,170,171,172,173,
65,66,67,68,69,
15,16,17,18,19,20,21,22,28,29,30,31,32,
19,20,21,22,23,24,22,
4,5,6,7,8,9,10,12,13,14,15,16,17,18,19,20,21,27,28,29,30,31,32,33,34,35,
16,17,18,19,42,43,44,45,104,105,106,107,108,
18,19,20,21,43,44,45,46,96,97,98,99,100,101,102,103,
82,83,84,85,86,87,88,215,216,217,218,219,220,221,
16,17,18,19,20,21,20,
3,4,5,6,7,8,9,55,56,57,127,128,129,130,131,
46,47,48,49,76,77,78,79,80,81,
9,10,11,12,13,176,177,178,179,

105,106,107,108,109,110,108,
291,292,293,294,295,296,
35,36,37,38,
44,45,46,47,48,
67,68,69,70,71,72,73,79,80,81,82,83,84,
107,108,109,110,111,112,113,114,143,144,145,146,147,148,149,150,
168,169,170,171,172,173,174,340,341,342,343,344,345,348,349,350,351,352,353,354,355,356,357,383,384,385,389,390,
15,16,17,18,
39,40,41,42,43,44,45,75,76,77,78,
16,17,18,19,20,21,
0,1,2,3,4,5,7,8,9,
65,66,67,68,69,70,71,72,73,74,373,374,375,376,377,378,
7,8,9,10,11,12,13,14,15,
13,14,15,16,17,60,61,62,63,64,
22,23,24,25,26,
10,11,12,13,14,19,20,21,22,23,24,25,39,40,41,42,43,
43,44,45,46,47,48,
97,98,99,100,
0,1,2,3,4,8,9,10,11,13,14,15,16,17,
35,36,37,38,39,40,41,42,43,44,
12,13,14,15,26,27,28,29,30,31,32,33,
19,20,21,22,23,24,25,83,84,85,86,
49,50,51,52,53,54,95,96,97,98,99,100,101,102,249,250,251,252,
23,24,25,26,27,28,29,30,31,32,34,35,36,37,
21,22,23,24,29,30,31,32,33,38,39,40,168,169,170,
56,57,58,59,60,61,62,64,65,66,67,68,69,81,82,83,84,85,86,87,89,90,91,92,93,94,
131,132,133,134,135,
18,19,20,21,22,23,24,25,26,
134,135,136,137,191,192,193,194,
12,19,20,21,22,23,
140,141,142,143,144,145,
20,21,22,23,31,33,34,35,36,37,38,39,40,41,44,45,46,47,48,54,55,56,57,58,62,
319,320,321,322,323,324,
335,336,337,338,339,336,
13,14,15,16,17,
8,15,16,17,18,
15,16,17,18,19,20,21,22,51,52,53,54,55,120,121,122,123,124,125,
51,52,53,54,
90,91,92,93,94,95,99,100,101,102,103,104,105,
33,34,35,36,60,61,62,63,64,
11,12,13,20,21,22,23,
71,72,73,74,75,76,78,79,80,81,82,
136,137,138,139,140,141,142,
16,17,18,19,20,29,30,31,32,33,34,35,36,42,43,44,45,46,47,

58,59,60,61,
34,35,36,37,38,39,
28,29,30,31,32,33,48,49,50,51,52,53,
5,6,7,8,115,116,117,118,119,120,128,129,130,131,132,133,
21,22,23,24,25,26,48,49,50,51,52,
8,9,10,11,12,13,14,141,142,143,144,145,146,177,178,179,180,181,182,
23,24,25,26,27,28,29,
65,66,67,68,69,264,265,266,267,268,269,270,271,
15,16,17,18,19,20,21,
168,169,170,193,194,195,196,197,198,231,232,233,234,235,
0,2,3,4,6,7,8,9,11,12,13,15,16,17,19,20,21,22,23,25,26,36,37,38,39,48,49,50,51,52,
54,55,56,57,67,68,69,70,71,
2,3,4,5,6,7,49,50,51,52,53,54,55,56,57,201,202,203,204,205,6,54,
103,104,105,106,107,108,109,110,111,121,122,123,124,125,126,127,
25,26,27,28,29,34,35,36,37,
145,146,147,297,298,299,300,301,302,303,304,371,372,373,374,375,376,377,378,379,380,
63,64,65,66,67,68,69,70,76,77,78,79,80,81,82,83,84,85,86,
144,145,146,147,148,149,
211,212,213,214,215,216,217,
40,41,42,43,44,56,57,58,59,113,114,115,116,117,
149,150,151,152,153,151,
19,20,21,22,23,24,
58,59,60,61,62,63,
211,212,213,214,215,
327,328,329,330,331,332,
174,175,176,177,182,183,184,198,199,200,201,202,203,204,205,206,205,
314,315,316,317,318,319,320,321,
145,146,147,148,149,150,
0,1,2,3,122,123,124,125,127,128,129,130,131,156,
7,8,9,10,
196,197,198,199,200,
141,142,143,144,145,146,
110,111,112,113,114,115,116,117,118,119,172,173,174,175,
72,73,74,75,76,77,78,
231,232,233,234,235,236,237,238,239,
26,27,28,29,30,31,
14,15,16,17,18,19,20,21,22,
96,97,98,99,100,101,
77,78,79,80,81,82,
81,82,83,84,85,86,
17,18,19,20,21,22,23,
92,93,94,95,96,
4,5,6,7,8,9,10,11,12,22,23,24,25,26,27,28,29,30,
18,19,20,21,22,23,24,25,26,43,44,45,46,47,48,49,50,51,53,54,55,56,57,58,59,60,61,62,64,65,66,67,
15,16,17,18,19,20,225,226,227,228,
68,69,70,71,72,73,
33,34,35,36,37,38,39,40,41,42,
22,23,24,25,26,27,28,29,30,
23,24,25,26,27,28,29,30,31,33,34,35,36,37,38,39,42,43,44,77,78,79,80,98,99,100,101,102,103,136,137,138,
46,47,48,49,50,102,103,104,105,106,
0,1,2,3,4,5,
61,62,63,64,65,70,71,72,73,
164,165,166,167,168,169,170,171,173,174,175,176,
39,50,51,52,53,54,55,62,63,64,65,66,67,
9,10,11,12,25,26,27,28,29,30,
78,79,80,81,82,81,
49,50,51,52,53,54,117,118,119,120,
243,244,245,246,247,
14,15,16,17,18,19,20,21,
27,28,29,30,31,
30,31,32,33,34,35,37,38,39,
9,10,11,12,13,
10,11,12,13,14,78,79,80,81,
29,30,31,32,33,34,35,36,37,38,
23,24,25,26,27,28,

48,49,50,51,52,53,
16,17,18,19,20,
0,1,2,3,
61,62,63,64,65,
22,23,24,25,26,
75,76,77,78,86,87,88,89,90,76,
15,16,17,18,19,20,
37,38,39,40,41,42,
16,17,18,19,20,25,26,27,28,29,31,32,33,34,35,36,37,
56,57,58,59,
178,179,180,181,
5,6,7,8,9,10,44,45,46,47,48,49,
8,9,10,11,12,13,14,16,17,18,19,
13,14,15,16,17,18,
258,259,260,261,262,263,
34,35,36,37,38,39,40,
26,27,28,29,30,
19,20,21,28,29,30,31,
37,38,51,52,53,54,55,56,
17,18,19,20,22,23,24,25,26,27,28,29,
8,9,10,11,12,125,126,127,128,129,
96,97,98,99,100,101,
5,6,7,8,9,10,11,13,14,15,
19,20,21,22,23,24,25,26,27,310,311,312,313,314,315,316,317,
4,5,6,7,8,9,10,11,
72,73,74,75,76,
10,11,12,13,14,15,37,38,39,40,41,42,43,44,
0,1,2,3,4,5,7,8,9,10,11,
19,20,21,22,23,
42,43,44,45,46,47,48,
11,12,13,14,15,16,
18,19,20,21,
159,160,161,162,254,255,256,257,
33,34,35,36,37,38,39,40,41,
5,6,7,8,9,171,172,173,174,175,176,218,219,220,221,222,223,224,225,
134,135,136,137,139,140,
19,20,21,22,63,64,65,66,67,68,69,70,71,

8,9,10,16,17,20,21,22,23,24,25,26,
77,78,79,80,81,82,83,84,
4,5,6,7,8,9,10,11,7,
87,88,89,90,365,366,367,368,369,370,89,
170,171,172,173,174,175,
41,42,43,44,104,105,106,107,
50,51,52,53,54,55,56,57,58,80,81,82,83,84,180,181,182,183,184,185,186,187,
234,235,236,237,337,338,339,340,341,342,
0,1,2,3,4,5,6,7,8,9,13,
60,61,62,63,64,65,66,67,68,71,72,73,74,118,119,120,121,122,123,124,
15,16,17,18,19,108,109,110,111,289,290,291,292,16,
8,9,10,11,
33,34,35,36,37,
182,183,184,185,186,187,
16,17,18,19,20,21,
9,10,11,12,13,14,15,

35,36,37,125,126,127,203,204,205,206,
27,28,29,30,31,32,33,34,
18,19,20,21,22,23,
129,130,131,132,133,134,135,226,227,228,229,230,231,232,233,259,260,261,262,263,264,
220,221,222,223,224,
20,21,22,23,24,
42,43,44,45,52,53,160,161,162,163,164,165,166,167,168,
9,10,11,12,13,14,15,16,17,18,29,30,31,32,33,
5,6,7,8,9,10,
32,33,34,35,36,76,77,78,79,80,104,105,106,107,108,
16,17,18,19,20,21,20,
16,17,18,19,20,21,
63,64,65,66,67,68,69,70,71,179,180,181,182,183,
70,71,74,75,76,77,78,80,81,82,83,84,85,86,88,89,90,91,92,93,94,95,96,
173,174,175,176,177,
309,310,311,312,313,
138,139,140,141,142,176,177,178,179,180,181,182,183,184,185,207,208,209,210,211,
30,31,32,33,62,63,64,65,
16,17,18,19,20,66,67,68,69,70,71,72,
0,1,2,3,4,8,9,10,11,12,
169,170,171,172,
10,11,12,13,14,
14,15,16,17,18,19,
138,139,140,141,142,143,144,145,151,152,153,154,155,156,157,193,194,195,196,197,198,155,197,
0,1,2,3,234,235,236,
7,8,9,10,11,17,18,19,20,
22,23,24,25,26,27,
115,116,117,118,119,120,121,122,123,124,125,126,127,128,
8,9,10,11,12,13,14,
17,18,19,20,21,22,23,24,25,26,27,252,253,254,255,256,257,258,
17,18,19,20,21,22,23,24,403,404,405,406,407,408,409,410,21,
69,70,71,72,73,
16,17,18,19,
0,1,2,3,4,198,199,200,201,202,203,
21,22,23,24,25,26,
255,256,257,258,282,283,284,285,286,
10,11,12,13,14,15,16,40,41,42,43,44,45,46,47,48,
210,211,212,213,214,215,216,217,
306,307,308,309,310,311,
117,118,119,120,121,122,
12,13,14,15,16,17,
28,29,30,31,32,
37,38,39,40,41,42,
8,9,10,11,12,37,38,39,41,
60,61,62,63,70,71,72,73,74,75,76,77,84,85,86,87,88,89,90,91,
80,81,82,83,84,85,
16,17,18,60,61,62,63,64,65,
15,16,17,18,123,124,125,126,127,138,139,140,141,142,143,144,183,184,185,186,187,188,
5,6,7,8,9,10,124,125,126,127,128,129,
37,38,39,40,41,42,
40,41,42,43,44,122,123,124,125,126,127,128,129,130,131,132,133,135,136,137,138,139,140,141,
145,146,147,148,149,150,
5,6,7,8,9,10,11,290,291,292,293,294,295,399,400,401,6,9,
21,22,23,24,25,26,27,28,29,
5,6,7,8,9,10,11,166,167,168,169,170,171,337,338,339,340,341,
100,101,102,103,104,105,
0,1,2,3,4,5,8,9,10,11,12,13,14,15,21,22,23,24,25,26,27,28,29,30,31,32,
19,20,21,22,32,33,92,93,94,95,96,97,98,99,
44,45,46,
310,311,312,313,314,315,313,
22,23,24,25,26,27,
54,55,56,57,58,

58,59,60,61,63,64,65,66,67,68,69,
93,94,95,96,97,98,119,120,121,122,123,124,125,131,132,133,134,135,136,137,138,139,145,146,147,148,
19,20,21,22,69,70,71,72,73,74,75,
36,37,38,39,40,41,42,43,44,177,178,179,180,181,182,190,191,192,193,194,195,
142,143,144,145,146,147,354,355,356,357,358,359,
0,1,2,3,
0,1,2,3,5,6,7,8,9,10,11,
44,45,46,47,48,49,50,51,52,53,54,55,
94,95,96,97,98,99,
0,1,2,3,1,
122,123,124,125,126,127,130,131,132,133,134,135,143,144,145,146,147,148,
311,312,313,314,317,318,319,320,323,324,325,326,
8,9,10,11,12,14,15,16,17,18,19,
0,1,2,3,4,5,6,99,100,101,102,
0,1,2,3,4,5,6,7,8,11,12,13,14,15,16,17,20,21,22,23,26,27,28,29,30,31,
150,151,152,153,154,189,190,191,192,193,194,
14,15,16,17,18,19,
237,238,239,240,241,242,
75,76,77,78,79,80,81,82,83,84,85,86,92,93,94,95,96,97,98,99,
112,113,114,115,
36,37,38,39,148,149,150,
0,1,2,3,4,5,13,14,15,16,17,18,
10,11,12,14,15,16,17,
27,28,29,30,
14,15,16,17,18,19,
40,41,42,43,44,45,55,56,57,58,59,60,61,62,63,
0,1,2,3,4,5,
85,86,87,88,90,91,92,93,94,95,96,97,
77,78,79,80,81,82,
141,142,143,144,145,146,
7,8,9,10,182,183,184,185,
45,46,47,48,49,50,51,52,53,59,60,61,62,63,64,
0,1,2,3,
0,1,2,3,4,5,7,8,9,10,
176,177,178,179,180,181,
148,149,150,151,152,
2,3,4,5,25,26,27,28,29,30,31,
10,11,12,13,14,19,20,21,27,28,29,30,231,232,233,234,
9,10,11,12,31,32,33,34,
291,292,293,294,295,296,297,298,299,
0,1,2,3,5,6,7,8,9,10,11,
10,11,12,13,
8,9,10,11,12,
94,95,96,
22,23,24,25,26,
132,133,134,135,
0,1,2,3,4,5,10,11,12,13,14,15,
12,13,14,19,20,21,22,
13,14,15,16,17,18,19,20,21,22,
63,64,65,66,67,
41,42,43,44,45,46,
73,74,75,76,77,133,134,135,136,137,138,141,142,143,144,145,146,149,150,153,154,155,156,157,158,159,160,176,177,178,179,
50,51,52,53,
59,60,61,62,63,64,66,67,68,
101,102,103,104,105,106,312,313,314,315,316,317,
44,45,46,47,48,49,66,67,68,69,70,71,
0,1,2,3,5,6,7,9,10,11,12,
20,21,22,23,24,25,54,55,56,57,58,59,60,61,63,64,65,66,67,68,69,70,71,
36,37,38,39,40,41,74,75,76,77,172,173,174,175,176,177,179,180,181,182,183,38,76,178,
26,27,28,30,31,32,
40,41,42,43,44,45,
12,13,14,15,16,17,18,21,22,23,30,31,
25,26,27,28,29,31,32,33,34,54,55,60,61,62,63,64,
46,47,48,49,50,51,52,
32,33,34,
9,10,11,12,13,14,15,16,17,18,
296,297,298,299,300,301,302,303,305,306,307,308,309,
8,9,10,11,12,13,17,18,19,20,21,22,
0,1,2,3,4,5,13,14,15,16,17,18,32,33,34,35,36,37,
0,1,2,3,4,5,
14,15,16,17,18,19,26,27,28,29,
22,23,24,25,26,27,28,
25,26,27,28,29,30,31,
18,19,20,21,22,
12,13,14,15,16,17,18,19,24,25,26,27,28,29,30,
8,9,10,11,
0,1,2,3,4,5,6,
42,43,44,45,46,
17,18,19,25,26,27,28,29,31,32,33,34,35,36,37,
40,41,42,43,44,
18,19,20,21,23,24,25,26,27,
198,199,200,201,202,
61,62,63,64,65,66,
5,6,7,8,9,72,73,74,75,76,
26,27,28,29,30,31,33,34,35,36,37,38,39,40,50,51,52,53,54,55,56,57,
2,3,4,5,6,9,10,11,12,14,15,16,17,34,35,36,37,38,39,40,
140,141,142,143,144,
6,7,8,9,11,12,14,15,18,19,20,21,22,23,
17,18,19,20,21,22,23,
27,28,29,30,31,32,31,

99,100,101,102,103,104,
31,32,33,70,71,72,
122,123,124,125,126,127,208,209,210,211,212,213,
15,16,17,18,19,
48,49,50,51,52,53,54,55,162,163,164,165,166,167,168,
74,75,76,77,78,79,80,81,82,87,88,89,90,91,92,93,94,95,
10,11,12,13,14,15,16,
109,110,111,112,113,114,
78,79,80,81,
9,10,11,12,13,36,37,38,39,40,41,42,43,44,48,49,50,54,55,56,
34,35,36,37,38,39,
17,18,19,20,21,
0,1,2,3,18,19,20,21,22,
217,218,219,220,221,
0,1,2,3,4,5,
62,63,64,65,66,67,72,73,74,75,
68,69,70,71,72,73,

7,8,9,10,11,12,
167,168,169,170,171,172,
14,15,16,17,18,
103,104,105,106,116,117,118,119,
217,218,219,220,221,222,223,
75,76,77,78,79,80,81,82,83,84,
205,206,207,208,209,
19,20,21,22,23,24,25,26,
63,64,65,66,67,68,141,142,143,144,145,146,195,196,197,198,199,200,201,202,203,
4,5,6,7,8,
25,26,27,28,29,30,31,32,36,37,38,39,40,41,42,
46,47,48,80,81,82,83,84,
57,58,59,60,62,63,65,66,
11,12,13,14,20,21,22,23,24,25,26,
108,109,110,111,112,113,115,116,117,118,119,120,121,
8,9,10,11,12,
151,152,153,154,155,278,279,280,281,282,283,
14,15,16,17,18,19,20,
7,8,9,10,11,12,13,14,
135,136,137,138,339,340,341,342,343,344,
5,6,7,8,
65,66,67,68,69,90,91,92,93,175,176,177,178,179,180,
154,155,156,157,158,159,160,210,211,212,213,214,215,216,217,218,219,221,222,223,224,225,234,235,236,237,238,240,241,242,243,244,245,
129,130,131,132,133,134,135,136,137,139,140,141,142,143,144,
5,6,7,8,9,10,

50,51,52,53,54,115,116,117,118,119,143,144,145,146,147,148,
91,92,93,94,95,96,
51,52,53,54,55,376,377,378,379,380,381,382,383,384,
40,41,132,133,134,
22,23,24,25,26,27,28,29,30,
18,19,20,21,22,23,
0,1,2,3,4,5,
41,42,43,44,45,46,
33,34,35,36,37,38,37,
156,157,158,159,160,
127,128,129,130,131,132,
32,33,34,35,46,47,48,49,50,
3,4,5,6,7,
106,107,108,109,110,111,112,113,114,
12,13,14,15,16,17,71,72,73,74,75,76,
23,24,25,26,27,28,
166,167,168,169,170,171,
6,7,8,9,10,12,13,14,15,16,41,42,43,44,45,46,57,58,59,73,74,75,76,78,79,
387,388,389,390,391,
4,5,6,7,8,9,10,16,17,18,19,20,21,22,23,
0,1,2,3,4,5,
232,233,234,235,236,237,238,239,240,
200,201,202,203,204,
24,25,26,27,28,
8,9,10,11,
189,190,191,192,193,194,203,204,205,206,207,208,209,210,
428,429,430,431,432,433,
11,12,13,14,15,23,24,25,26,27,
104,105,106,107,108,109,340,341,342,343,344,345,346,347,348,
0,1,2,3,4,5,6,7,
13,14,15,16,
232,233,234,235,236,237,238,241,242,243,244,
12,13,14,15,16,
25,26,27,28,
35,36,37,38,39,40,41,
110,111,112,113,114,115,116,
38,39,40,41,42,43,
167,168,169,170,171,172,173,174,175,
133,134,135,136,137,138,261,262,263,264,265,266,
230,231,232,233,234,235,236,
13,14,15,16,18,19,36,37,38,39,
32,33,34,35,37,38,39,40,42,43,44,
59,60,61,62,63,64,71,72,73,74,75,76,77,78,
26,27,28,29,72,73,74,75,76,388,389,390,391,
43,44,45,46,
7,8,9,10,11,12,124,125,126,127,
16,17,18,19,20,
31,32,33,34,35,36,37,50,51,52,53,54,
83,84,96,97,98,99,100,101,
29,30,31,32,33,34,
67,68,69,70,71,72,73,74,75,76,77,
0,1,2,3,4,5,6,8,9,10,11,
4,5,6,7,8,
23,24,25,26,27,
204,205,206,207,208,
288,289,290,291,293,294,295,296,297,299,300,301,302,303,304,305,306,367,368,369,370,373,374,375,376,379,380,381,382,
19,20,21,22,23,
12,13,14,15,16,43,44,45,47,48,49,
85,86,87,88,89,90,
115,116,117,118,119,125,126,127,128,129,130,
185,186,187,188,189,190,191,192,
369,370,371,372,373,378,379,380,381,382,383,384,385,386,387,
200,201,202,203,210,211,212,213,253,254,255,256,257,258,
126,127,128,129,130,249,250,251,252,253,254,
217,218,219,220,221,222,
32,33,34,35,41,42,43,50,51,
248,249,250,251,252,253,
81,82,83,84,85,86,
227,228,229,230,231,232,
193,194,195,196,197,198,
31,32,33,34,35,36,37,38,41,42,43,44,45,46,47,87,88,89,90,91,92,93,
31,32,33,34,35,36,37,38,
108,109,110,111,124,125,126,127,128,129,130,151,152,153,154,155,
50,51,52,53,54,55,56,70,71,72,73,74,75,
45,46,47,48,49,50,51,52,49,
18,19,20,21,24,25,26,27,28,29,30,31,78,79,80,81,82,
18,19,20,21,22,23,104,105,106,107,108,109,
196,197,198,199,200,
52,53,54,55,
0,1,2,3,5,6,7,
25,26,27,
51,52,53,54,55,56,
157,158,159,160,161,162,163,164,165,166,167,171,172,173,174,175,176,177,
94,95,96,97,98,99,100,101,102,110,111,112,113,114,115,116,117,118,119,120,121,122,
4,5,6,7,138,139,140,141,142,
20,21,22,23,25,26,27,28,29,30,
39,40,41,42,43,44,45,46,47,
45,46,47,48,49,50,
4,5,6,7,8,
4,5,6,7,8,7,
25,26,27,28,29,30,31,
133,134,135,136,137,138,
10,11,12,13,14,15,
184,185,186,187,188,189,228,229,230,231,
39,40,41,42,43,44,45,147,148,149,150,151,
22,23,24,25,26,27,
3,4,5,6,7,8,
39,40,41,42,43,44,
61,62,63,64,65,66,67,68,74,75,76,77,78,79,155,156,157,158,159,160,
73,74,75,76,77,78,81,82,83,84,85,86,106,107,108,109,110,111,158,159,160,161,162,163,164,165,166,330,331,332,333,334,335,
51,52,53,54,55,
15,16,17,18,19,20,
201,202,203,204,205,206,207,208,209,210,
170,171,172,173,174,175,176,177,
186,187,188,189,190,
106,107,108,109,110,111,112,126,127,128,129,130,
111,112,113,114,115,116,
20,21,22,23,24,
30,31,32,33,52,53,54,55,56,57,58,59,61,62,63,64,65,
156,157,158,159,359,360,361,368,369,380,381,382,383,384,
8,9,10,11,12,54,55,56,57,58,59,167,168,169,170,171,172,173,174,
15,16,17,18,117,118,119,120,340,341,342,343,344,345,346,118,
8,9,10,11,12,13,14,
147,148,149,150,151,152,153,
177,178,179,180,181,182,183,184,185,186,
43,44,45,46,47,
44,45,46,47,
14,15,16,17,18,19,
4,5,6,7,8,9,
140,141,142,143,144,145,146,147,
304,305,306,307,308,
21,22,23,24,25,26,46,47,48,49,50,51,52,53,122,123,124,125,126,127,128,129,
7,8,9,10,11,12,13,14,15,16,
15,16,17,18,19,20,21,22,23,
24,25,26,27,28,29,103,104,105,106,107,108,109,110,111,
161,162,163,164,165,166,167,
48,49,50,51,
182,183,184,185,186,187,
21,22,23,24,25,26,27,28,29,30,112,113,114,115,117,118,119,120,121,122,123,
20,21,22,23,24,
131,132,133,134,
32,33,34,35,36,37,38,39,40,49,50,51,52,53,54,55,
32,33,34,35,36,37,38,39,40,
55,56,57,58,59,60,
59,60,61,62,63,64,65,
25,26,27,28,29,30,
235,236,237,238,239,240,241,
0,1,2,3,4,5,6,7,53,54,55,56,57,58,59,60,62,63,64,65,66,239,240,241,242,243,244,245,246,
0,1,2,3,10,11,12,14,15,16,17,18,
110,111,112,113,114,115,116,117,118,
137,138,139,140,141,
13,14,15,16,17,18,318,319,320,
8,9,10,11,88,89,90,91,
19,20,21,22,
15,16,17,18,
22,23,24,25,26,27,29,30,31,32,36,37,38,39,40,41,42,43,
31,32,33,34,35,
16,17,18,19,20,21,22,23,24,25,
23,24,25,26,27,28,
24,25,26,27,28,29,
55,56,57,58,59,60,61,62,63,64,
5,6,7,8,10,11,12,13,
16,17,18,19,20,21,22,23,31,32,33,34,35,
8,9,10,11,12,
18,19,20,64,65,66,67,
13,14,15,16,22,23,24,25,26,27,28,
39,40,41,42,43,44,
257,258,259,260,261,262,287,288,289,290,
79,80,81,82,83,84,85,106,107,108,
16,17,18,19,20,
7,8,9,10,
0,1,2,3,4,5,6,7,9,10,11,12,13,14,17,18,19,20,21,22,23,62,63,64,65,
0,1,2,3,4,5,6,
19,20,21,22,
154,155,156,157,158,159,161,162,163,164,
79,80,81,82,83,84,85,
0,1,2,3,4,5,6,7,8,9,
120,121,122,123,124,
26,27,28,29,
37,38,39,40,41,
6,7,8,9,10,67,68,69,70,71,72,73,74,75,81,82,83,84,85,86,87,88,89,
26,27,28,29,30,31,32,34,35,36,37,38,
17,18,19,20,21,22,42,43,44,45,46,114,115,116,117,182,183,184,185,186,188,189,190,191,192,193,194,195,196,
94,95,96,97,98,99,100,
219,220,221,222,223,224,
45,46,47,48,46,
12,13,14,15,16,17,82,83,84,85,86,87,94,95,96,97,
85,86,87,88,89,90,115,116,117,118,119,
109,110,111,112,113,114,115,116,117,
21,22,23,24,25,

129,130,131,132,133,
15,16,17,18,19,20,
146,147,148,149,150,151,152,153,
85,86,87,88,89,90,
184,185,186,187,
99,100,101,102,103,104,105,180,181,182,183,184,185,
41,42,43,44,45,46,47,48,49,50,187,188,189,190,191,
48,49,50,56,57,58,59,60,62,63,64,65,
71,72,73,74,75,76,77,78,80,81,82,83,84,
113,114,115,116,117,118,
68,69,70,71,72,73,74,75,76,
187,188,189,190,191,192,193,195,196,197,198,199,200,201,203,204,205,206,207,208,209,
39,40,41,42,43,44,
11,12,13,14,27,28,29,30,31,32,33,
84,85,86,87,88,90,91,92,93,94,
20,21,22,23,24,25,26,27,28,30,31,32,33,34,178,179,180,181,182,183,
31,32,33,34,35,
171,172,173,174,175,
25,26,27,28,29,30,31,32,33,142,143,144,145,146,147,
74,75,76,77,78,79,80,82,83,84,85,86,87,88,89,
36,37,38,39,40,41,43,44,45,46,
7,8,9,10,11,
94,95,96,97,287,288,289,290,291,292,
234,235,236,237,238,239,296,297,298,299,300,301,302,303,304,305,
58,59,60,61,
120,121,122,123,124,125,
0,1,2,3,4,5,
85,86,87,88,89,
9,10,11,12,13,14,15,16,17,19,20,21,22,23,24,25,26,27,28,48,49,50,51,52,53,54,160,161,162,163,246,247,248,249,250,251,252,
237,238,239,240,241,242,
19,20,21,22,23,29,30,31,32,33,34,35,37,38,39,40,41,42,43,44,45,46,47,
200,201,202,203,204,
152,153,154,155,156,157,
48,49,50,51,
81,82,83,84,85,86,87,88,89,
35,36,37,38,39,40,41,42,91,92,93,94,95,96,
17,18,19,20,21,22,23,24,35,36,37,38,39,40,41,43,44,45,
227,228,229,230,387,388,389,390,391,
19,20,21,22,23,24,
40,41,42,43,44,45,
168,169,170,171,172,173,
3,4,5,6,7,8,
23,24,25,26,28,29,30,31,43,44,45,46,47,48,
10,11,12,13,133,134,135,136,177,178,179,180,181,
213,214,215,216,217,218,
16,17,18,19,20,21,22,23,
9,10,11,12,13,14,15,16,33,34,35,36,37,
9,10,11,12,13,14,
32,33,34,35,36,39,40,41,42,43,44,50,51,52,53,54,55,56,
76,77,78,79,80,81,82,83,84,85,91,92,93,94,95,96,97,
112,113,114,115,116,117,
27,28,29,30,31,169,170,171,172,173,174,175,176,177,
184,185,186,187,188,189,190,
0,1,2,3,4,295,296,297,298,299,3,
73,74,75,76,77,78,214,215,216,217,218,
41,42,43,44,45,46,47,48,49,
93,94,95,96,97,
79,80,81,82,
127,128,129,130,131,132,
84,85,86,87,88,89,
6,7,8,9,10,11,12,13,19,20,21,22,23,24,25,26,93,94,95,96,
21,22,23,24,25,
14,15,16,82,83,84,85,86,87,88,89,162,163,164,165,
173,174,175,176,177,178,179,180,181,182,
45,46,47,48,49,50,66,67,68,69,70,71,
334,
13,14,15,16,45,46,47,48,50,51,52,53,54,55,56,
0,1,2,3,4,5,6,7,8,10,11,12,13,14,
18,19,20,21,
20,21,22,23,24,25,26,54,55,56,57,58,59,60,61,62,63,
140,141,142,143,144,
118,119,120,121,124,125,126,127,128,129,130,131,133,134,135,136,137,138,
116,117,118,119,120,121,122,
0,1,2,3,4,5,55,56,57,58,59,60,61,62,63,64,
8,9,10,11,12,
24,25,26,27,28,29,30,31,32,33,
93,94,95,96,361,362,363,364,383,384,385,386,387,
19,20,21,22,23,24,25,26,34,35,36,37,38,
8,9,10,11,
0,1,2,3,4,6,7,8,9,10,11,13,14,15,16,17,18,19,20,21,23,24,25,26,27,28,29,30,31,32,
14,15,16,17,18,19,20,21,24,25,26,27,28,29,30,
63,64,65,66,68,69,70,71,72,
0,1,2,3,4,5,56,57,58,59,
8,9,10,11,12,13,14,15,16,18,19,20,21,22,27,28,29,30,31,32,33,227,228,229,230,
159,160,161,162,168,169,170,171,172,173,174,175,
4,5,6,7,8,9,10,11,
15,16,17,18,19,144,145,146,147,148,149,150,151,
346,347,348,349,350,
171,172,173,174,175,176,
48,49,50,51,52,53,55,56,57,58,59,60,61,
70,127,128,129,130,131,132,133,136,137,138,139,140,141,142,143,144,147,148,149,150,151,152,153,154,155,157,158,159,160,161,162,163,
0,1,2,3,4,5,6,
56,57,58,59,60,61,62,63,64,65,
10,11,12,13,14,36,37,38,39,40,
0,1,2,3,4,5,6,7,8,4,
74,75,76,77,78,79,80,
24,25,26,27,28,29,
24,25,26,27,28,29,30,80,81,82,83,
18,19,20,21,22,23,24,25,
5,6,7,8,9,10,11,34,35,36,37,38,39,40,41,43,44,45,46,47,48,49,50,51,
28,29,30,31,32,
31,32,33,34,35,36,37,38,39,65,66,67,295,296,297,298,299,300,
12,13,14,15,16,17,
114,115,116,117,118,119,120,121,122,
11,12,13,14,15,16,17,18,19,21,22,23,24,210,211,212,213,214,215,216,217,218,220,221,222,223,224,229,230,231,232,233,234,235,
82,83,84,85,86,87,95,96,97,98,99,100,
150,151,152,153,154,179,180,181,182,183,184,185,293,294,295,296,297,
29,30,31,32,33,34,
87,88,89,90,91,92,93,94,106,107,108,109,110,
5,6,8,9,10,11,13,14,15,16,17,18,21,22,23,24,25,26,27,
13,14,15,16,17,16,
4,5,6,7,8,9,10,11,12,14,15,16,17,18,19,20,21,22,23,26,27,28,29,30,31,32,33,35,36,37,38,39,40,41,44,45,46,47,48,49,50,51,52,155,156,157,158,159,160,161,
13,14,15,16,17,18,19,21,22,23,24,
97,98,99,100,101,
7,8,9,10,11,
19,20,21,22,23,24,
30,31,32,33,34,35,
368,369,370,371,372,373,
22,23,24,25,26,27,28,30,31,32,33,34,35,36,37,38,
14,15,16,17,18,19,25,26,27,86,87,88,89,90,91,
112,113,114,115,116,117,
77,78,79,80,81,86,87,88,89,99,100,101,102,103,104,105,
293,294,295,296,297,
100,101,102,103,104,105,161,162,163,164,165,166,167,168,169,
64,65,66,67,68,69,70,

8,9,10,11,12,
15,16,17,18,19,20,
29,30,31,32,33,34,35,47,77,78,79,80,81,
34,35,36,37,38,39,40,41,43,44,45,47,48,49,
300,301,302,303,304,305,
0,1,2,3,4,5,
8,9,10,11,12,13,
144,145,146,147,244,245,246,247,249,250,
28,29,30,31,32,64,65,66,67,68,69,169,170,171,172,
0,1,2,3,4,5,6,7,8,
27,28,29,30,31,32,33,34,35,36,39,40,41,42,45,46,47,48,49,50,103,104,105,106,107,108,109,129,130,131,132,133,134,135,
15,16,17,18,19,
46,47,50,51,54,55,56,57,58,59,60,66,67,68,69,70,221,222,223,224,225,226,227,
26,27,28,29,30,
59,60,61,62,156,157,158,224,225,226,227,228,
19,20,21,22,23,24,
19,20,21,22,23,24,35,36,37,38,39,
28,29,30,31,32,97,98,99,100,101,
19,20,21,22,23,
36,37,38,39,40,41,42,78,79,80,81,82,83,84,85,86,98,99,100,101,102,
15,16,17,18,19,
9,10,11,12,13,58,59,60,61,62,63,64,65,66,
32,33,34,35,36,37,38,44,45,46,47,52,53,54,55,56,58,59,60,61,62,63,

11,12,13,14,15,62,63,64,65,66,67,68,69,70,
21,22,23,24,25,26,34,35,36,37,
30,31,32,33,34,
155,156,157,158,159,160,161,162,
10,11,12,13,14,15,16,133,134,135,136,137,138,139,140,141,142,143,149,150,151,183,184,185,186,187,188,189,190,191,198,199,200,201,202,203,204,205,206,207,
9,10,11,12,13,14,15,219,220,221,222,223,224,
29,30,31,32,33,49,50,51,52,53,54,117,118,119,120,121,122,147,148,149,150,151,
17,18,19,26,27,83,84,85,86,87,88,89,90,
9,10,11,12,263,264,265,
54,55,56,57,58,
30,31,32,33,34,
39,40,41,42,43,44,45,47,48,49,50,51,52,54,55,56,57,58,59,60,61,62,63,
28,29,30,31,32,47,48,49,50,51,
158,159,160,161,162,163,194,195,196,197,198,199,
0,1,2,3,4,6,7,8,9,10,11,
115,116,117,118,119,120,
75,76,77,78,79,80,211,212,213,214,215,216,
11,12,13,14,32,33,34,35,36,63,64,65,66,
36,37,38,39,40,41,43,44,45,46,47,48,49,50,51,52,58,59,60,61,62,63,64,
55,56,57,58,
6,7,8,9,
26,27,28,29,30,
0,1,2,3,4,5,6,7,8,9,10,16,17,18,19,20,21,22,23,24,25,
17,18,19,20,21,
102,103,104,105,106,107,109,110,111,112,
0,1,2,3,4,5,6,
240,241,242,243,244,
9,10,11,12,13,14,15,16,17,18,54,55,56,57,58,59,
8,9,10,11,12,292,293,294,295,
17,18,19,20,21,22,23,
0,1,2,3,
58,59,60,61,96,97,98,99,117,118,119,223,224,225,226,227,228,229,230,231,
66,67,68,69,79,80,81,82,83,84,85,86,94,95,96,97,98,99,
142,143,144,145,146,147,148,149,
150,151,152,153,154,155,156,157,158,
3,4,5,6,7,8,22,23,24,25,27,28,
25,26,27,28,
11,12,13,67,68,69,70,71,72,73,74,75,76,80,81,82,83,84,
10,11,12,13,14,15,16,17,18,
10,11,12,13,14,15,16,17,164,165,166,167,
14,15,16,17,18,20,21,22,23,24,25,
39,40,41,96,97,98,99,126,127,128,129,130,131,132,
9,10,11,12,13,14,
173,174,175,176,177,
17,18,19,20,21,
19,20,21,22,23,24,25,26,32,33,34,35,36,37,
3,4,5,6,8,9,10,11,12,13,14,20,21,22,23,25,26,27,28,30,31,32,33,34,35,36,37,38,39,45,46,47,48,
10,11,12,13,17,18,19,20,21,22,23,24,142,143,144,145,146,147,148,149,
40,41,42,43,44,45,46,47,48,
41,42,43,44,45,46,
9,17,18,19,20,21,33,34,35,36,37,
4,5,6,7,8,9,122,123,124,125,126,127,128,
198,199,200,201,202,203,204,205,
0,1,2,3,4,5,7,8,9,10,11,12,13,
18,19,20,21,
29,30,31,32,33,34,35,36,
26,27,28,29,30,31,
15,16,17,18,19,21,22,23,24,25,29,30,31,33,34,35,36,37,38,39,40,41,42,43,50,51,52,53,76,77,78,
348,349,350,351,
78,79,80,81,82,83,84,85,
62,63,64,65,66,67,68,69,70,71,
61,62,63,64,65,
12,13,14,15,16,17,
11,12,13,17,18,19,20,21,22,25,26,27,28,29,30,46,47,48,49,
8,9,10,11,12,13,14,
66,67,68,69,70,71,
33,34,35,36,37,38,
47,48,49,50,51,56,57,58,59,60,61,62,63,64,65,66,80,81,82,141,142,143,144,145,146,147,148,149,150,160,161,162,163,
214,215,216,217,218,219,
19,20,21,22,23,24,
0,1,2,3,4,5,6,7,8,9,6,
17,18,19,20,19,
30,31,32,33,34,35,57,58,59,60,61,62,63,64,
146,147,148,149,150,151,282,283,284,285,286,287,
5,6,7,8,29,30,31,32,33,34,35,36,37,
13,14,15,16,17,
8,9,10,11,12,13,14,20,21,22,23,24,25,26,27,28,29,40,41,42,43,44,45,46,47,48,49,55,56,57,58,59,60,
181,182,183,184,185,186,
55,56,57,58,59,60,61,62,63,64,65,78,79,80,81,82,83,84,85,86,87,101,102,103,104,168,169,170,171,172,173,174,175,176,177,224,225,226,227,228,229,
14,15,16,17,18,19,
29,30,31,32,33,34,35,36,37,
251,252,253,254,255,256,257,258,259,382,383,384,385,386,387,388,389,390,

21,22,23,24,25,26,27,28,78,79,80,81,82,83,84,85,94,95,96,97,98,99,100,101,24,80,95,
12,13,14,15,16,17,
28,29,37,38,39,40,41,42,56,57,58,59,130,131,132,133,134,135,41,57,
12,13,14,15,16,17,18,19,20,
61,62,63,64,65,66,67,68,70,71,72,73,74,75,76,
11,12,13,14,15,69,70,71,72,73,118,119,120,121,
24,25,26,27,28,29,30,31,36,37,38,39,40,41,
24,25,26,27,269,270,271,277,278,281,282,283,284,285,286,287,288,289,291,292,293,294,295,296,297,298,299,300,387,388,389,390,391,26,
23,24,25,26,28,29,30,31,
7,8,9,10,
67,68,69,70,71,72,73,74,75,77,78,79,80,81,82,83,85,86,87,88,89,90,91,105,106,107,108,109,110,111,
42,43,44,45,46,47,48,
11,12,13,14,15,
12,13,14,15,16,
93,94,95,96,97,98,99,100,101,
8,9,10,11,12,13,14,15,16,17,48,49,50,51,52,53,54,55,56,57,334,335,336,337,338,339,340,
39,40,41,42,43,83,84,85,86,92,93,94,95,96,97,
33,34,35,36,37,39,40,41,42,
11,12,13,14,80,81,82,83,84,85,86,
43,44,45,46,47,48,49,95,96,97,98,99,100,101,102,103,
284,285,286,287,288,289,290,291,
25,26,27,28,29,30,
99,100,101,102,141,142,143,144,
47,48,
179,180,181,182,329,330,331,332,

34,35,36,37,
248,249,250,251,252,253,
23,24,25,26,27,28,29,30,31,81,82,83,84,85,87,88,89,90,91,
12,13,14,
43,44,45,46,47,62,63,64,65,66,93,94,95,96,97,
10,11,12,13,23,24,25,37,38,39,40,
5,6,7,8,9,10,125,126,127,128,129,
305,306,307,308,
16,17,18,19,20,22,23,24,25,26,27,152,153,154,155,156,157,158,
68,69,70,71,72,73,74,75,
4,5,6,7,8,9,10,11,17,18,19,20,21,22,23,24,25,26,27,
78,79,80,81,82,83,85,86,87,88,89,90,91,92,93,
180,181,182,183,184,185,186,181,182,
2,3,4,5,6,7,34,35,36,37,38,39,40,41,42,43,58,59,60,61,62,63,64,65,66,67,73,74,75,77,78,79,80,81,82,94,95,
275,276,277,278,279,280,281,282,283,
148,149,150,
449,450,451,452,453,
10,11,12,13,14,15,16,17,18,27,28,29,30,31,32,
98,99,100,101,
38,39,40,41,44,47,48,49,50,53,54,55,56,57,58,59,60,61,62,63,163,164,165,166,167,
54,55,56,57,58,
24,25,26,87,88,89,90,

59,60,61,62,65,66,67,68,69,72,73,74,75,83,84,85,89,90,91,94,95,96,97,98,99,100,101,102,103,106,107,108,109,110,111,112,113,114,115,118,119,120,121,122,123,124,125,126,127,130,131,132,133,134,135,136,137,138,141,142,143,144,154,155,156,157,158,159,
40,41,42,43,44,45,
9,10,11,12,13,14,318,319,320,321,322,323,
68,69,70,71,72,73,74,75,76,77,78,79,81,82,83,84,
9,10,11,12,13,20,21,22,23,
130,131,132,133,134,
292,293,294,295,296,297,298,364,365,366,367,368,369,
230,231,232,233,234,235,279,280,281,282,283,284,285,
39,40,41,44,45,46,156,157,158,171,172,173,
359,360,361,362,363,364,365,366,367,373,374,375,376,377,378,379,380,381,
13,14,15,16,19,20,21,22,23,31,32,33,34,36,37,38,39,40,41,42,45,46,47,48,104,105,106,107,108,

141,142,143,144,145,146,
360,361,362,363,364,365,
14,15,16,17,18,19,20,21,23,24,25,26,27,
16,17,18,19,20,
26,27,28,29,30,31,33,34,35,36,37,38,44,45,46,47,48,
11,12,13,14,15,
140,141,142,143,144,145,149,
120,121,122,123,124,125,126,127,
5,6,7,8,9,10,11,29,30,31,32,33,34,35,36,37,38,
10,11,12,13,14,
135,136,137,138,139,140,
26,27,28,29,30,31,32,33,48,49,50,51,52,53,54,55,56,64,65,66,67,68,69,70,71,72,
194,195,196,197,198,199,
30,31,32,33,34,35,
22,23,24,25,26,
34,35,39,40,41,119,120,121,122,123,
19,20,45,48,49,57,58,75,76,77,78,79,
11,12,13,14,103,104,105,106,
95,96,97,98,99,100,212,213,214,218,219,

35,36,37,38,39,40,41,
68,69,70,71,
50,51,52,53,320,321,322,323,
24,25,26,27,28,29,30,25,
79,80,81,82,83,86,87,88,89,90,91,92,93,119,120,121,122,124,125,
15,16,17,18,19,20,161,162,163,164,165,166,167,168,
18,19,20,21,22,
12,13,14,15,16,17,18,19,
0,1,2,3,28,29,30,31,32,
111,112,113,114,115,116,117,118,
153,154,155,156,162,163,164,165,166,167,168,169,170,171,172,163,166,170,
95,96,97,98,99,100,
108,109,110,111,112,240,241,242,243,244,
39,40,41,42,43,44,45,
0,1,2,3,10,11,12,13,14,
70,71,72,73,74,
397,398,399,400,401,402,
163,164,165,166,167,168,169,170,171,178,179,180,187,188,189,190,191,193,194,195,196,197,201,202,203,204,
53,54,55,56,
77,78,79,80,81,82,83,84,85,212,213,214,215,216,217,218,
69,70,71,72,73,74,
18,19,20,21,22,23,
13,14,15,16,17,18,
62,63,64,65,66,67,68,69,70,71,72,73,95,96,97,101,102,103,104,212,213,216,217,218,219,220,221,222,223,
5,6,7,8,9,10,195,196,197,198,199,200,
0,1,2,3,4,14,15,16,17,18,19,20,21,22,23,
150,151,400,401,402,403,
28,29,30,31,32,33,34,51,52,53,54,
52,53,54,55,56,
297,298,299,300,301,
43,44,45,46,47,48,49,50,135,136,137,138,
0,1,2,3,21,22,23,24,
238,239,240,241,242,
3,4,5,6,7,8,
83,84,85,86,87,88,89,90,95,96,97,98,111,112,113,114,115,117,118,119,120,121,128,129,130,131,132,133,135,136,137,138,87,112,114,120,134,136,
31,32,33,34,35,36,
59,60,61,62,64,65,66,
77,78,79,80,81,83,84,85,
7,8,9,10,11,12,13,17,18,19,20,21,
0,1,2,3,4,5,
137,138,139,140,141,142,143,144,145,146,142,144,
9,10,11,12,55,56,57,58,59,60,61,70,71,72,73,74,75,76,
66,67,68,69,70,
308,309,310,311,312,
284,285,286,287,288,289,
73,74,75,76,77,93,94,95,96,97,98,99,112,113,114,115,116,180,181,182,183,184,
22,23,171,172,231,232,233,234,235,236,237,239,240,241,242,243,
7,8,9,10,11,12,13,9,
140,141,142,143,144,147,148,149,150,151,
11,12,13,14,
35,36,37,38,39,
21,22,23,24,25,26,27,28,29,30,116,117,118,119,
0,1,2,3,4,5,6,7,19,20,21,22,23,51,52,53,54,55,56,57,
8,9,10,11,12,13,59,60,61,232,233,234,235,236,237,
50,51,52,53,54,55,56,57,58,59,60,62,63,64,65,66,
4,5,6,7,8,9,10,36,37,38,39,40,41,42,
156,157,158,159,160,161,381,382,383,384,385,
22,23,24,25,26,
24,25,26,27,
8,9,10,11,12,13,14,15,
29,30,31,32,33,34,35,36,249,250,251,252,31,33,
18,19,20,21,39,40,41,42,43,44,45,46,47,
56,57,58,59,60,61,
16,17,18,19,20,21,33,34,35,36,37,
42,43,44,45,201,202,203,204,205,206,207,208,209,
99,100,101,102,103,104,
5,6,7,8,
304,305,306,307,308,309,310,313,314,315,316,317,318,319,336,337,338,339,
5,6,7,8,9,22,23,24,25,26,
14,15,16,121,122,123,124,125,
96,97,98,99,230,231,232,280,281,282,283,284,285,286,287,288,
37,38,39,40,41,42,43,44,45,46,48,49,50,
85,86,87,88,89,90,
121,122,123,124,125,126,127,128,129,130,131,132,134,135,136,137,138,139,140,141,146,147,148,149,150,152,153,154,155,156,157,158,159,160,
219,220,221,222,223,224,225,226,227,228,229,230,223,229,
220,221,222,223,224,225,226,228,229,230,231,232,233,
45,46,48,49,50,51,52,
36,37,38,39,40,41,42,105,106,107,108,109,110,111,
169,170,171,172,173,
4,5,6,7,8,9,
9,10,11,12,13,
115,116,117,118,119,120,153,154,155,156,157,158,171,172,173,174,175,
10,11,12,13,14,15,16,17,18,15,
189,190,191,192,193,194,195,197,198,199,200,201,202,211,212,213,214,215,216,217,
281,282,283,284,285,286,287,
4,5,6,7,8,9,249,250,251,252,
49,50,51,52,53,54,
30,31,32,33,42,43,
82,83,84,85,86,87,88,89,113,114,115,116,117,118,
112,113,114,115,116,
61,62,63,64,65,280,281,282,283,284,285,286,62,
50,51,52,53,54,55,173,174,175,176,177,178,
26,27,28,29,30,31,133,134,135,136,137,138,139,140,146,147,148,149,150,151,152,
17,18,19,20,21,22,23,24,30,31,32,55,56,57,58,59,60,
34,35,36,37,38,41,42,43,44,45,46,47,48,49,52,53,122,123,124,125,
199,200,228,229,230,231,232,233,234,250,251,252,253,254,255,256,
10,11,12,13,14,15,16,17,18,19,261,262,263,264,265,266,
78,79,80,81,82,83,84,
88,89,90,91,92,93,92,
215,216,217,218,219,220,278,

73,74,75,76,220,221,222,223,236,237,238,239,240,241,242,285,286,
25,26,27,28,29,112,113,114,135,136,137,138,139,
79,80,81,82,83,
8,9,10,11,12,13,14,15,18,19,20,21,22,23,24,25,
15,16,17,18,19,20,
33,34,35,36,37,81,82,83,84,85,86,
9,10,11,12,
41,42,43,44,45,46,47,48,49,
26,27,28,29,62,63,64,65,66,67,68,70,71,72,73,74,
14,15,16,17,18,

60,61,62,63,64,65,66,95,96,97,98,
34,35,36,37,38,39,40,41,42,
11,12,13,14,15,16,17,18,19,
62,63,64,65,66,
96,97,98,99,100,101,102,108,109,110,111,
20,21,22,23,24,25,
0,1,2,3,4,5,15,16,29,30,31,32,33,35,36,37,38,39,
55,56,57,58,59,60,
10,11,12,13,14,15,16,17,18,
13,14,15,16,17,19,20,21,22,23,24,25,26,27,
27,28,29,30,31,32,82,83,84,85,
61,62,63,64,65,66,
25,26,27,28,29,30,
11,12,13,14,15,16,17,18,20,21,22,23,46,47,48,49,50,51,52,13,
31,32,33,34,35,
9,10,11,12,13,14,15,16,12,
30,31,32,33,34,36,37,38,39,40,41,42,43,382,383,384,385,386,387,394,395,396,400,401,402,403,33,35,
7,8,9,10,11,13,14,15,16,17,18,19,
196,197,198,199,
28,29,30,31,36,37,38,39,
19,20,21,22,
29,30,31,32,33,34,
61,62,63,64,65,66,
9,10,11,12,14,15,16,17,18,19,20,28,29,30,31,32,33,34,35,36,37,38,39,40,

26,27,28,29,30,
62,63,64,65,66,101,102,103,104,105,
114,115,116,117,118,119,120,
47,48,49,50,51,
31,32,33,34,
107,108,109,110,111,162,163,164,165,166,
49,50,51,52,53,54,
312,313,314,315,316,317,318,319,320,321,328,329,330,313,317,
0,1,2,3,4,5,6,7,8,18,19,20,21,22,
118,119,120,121,122,123,
64,65,66,67,68,69,70,71,73,74,75,76,77,78,79,80,81,
14,15,16,17,18,19,20,21,23,24,25,26,27,64,65,66,67,68,69,
19,20,21,22,23,28,29,30,31,32,33,34,
12,13,14,15,16,
16,17,18,19,20,21,
8,9,10,11,12,13,
10,11,12,13,14,96,97,98,
55,56,57,58,
106,107,108,109,110,111,146,147,148,149,150,151,
14,15,16,286,287,288,289,290,291,292,293,294,
12,13,14,15,118,119,120,121,122,127,128,129,130,131,132,133,134,135,
40,41,42,43,44,45,46,47,49,50,51,52,53,144,145,146,147,148,149,150,151,
34,35,38,39,40,41,42,43,44,43,
66,67,68,70,71,72,73,74,75,76,
57,58,59,60,61,62,63,64,66,67,68,69,70,
59,60,61,62,63,64,65,66,67,
79,80,81,82,83,84,
20,21,22,23,24,25,26,27,58,59,60,61,62,63,275,276,277,278,279,280,281,282,283,
362,363,364,365,366,367,368,369,370,
65,66,67,68,69,70,
31,32,33,34,35,36,37,38,39,
19,20,21,22,23,24,25,44,45,46,47,69,70,71,72,
51,52,53,54,
29,30,31,32,33,34,201,202,203,204,205,
12,13,14,15,16,17,18,
67,68,69,70,71,72,73,109,110,111,112,113,114,115,116,201,202,203,204,205,206,207,208,
8,9,10,11,12,13,14,15,16,113,114,115,116,117,
14,15,16,17,18,19,20,21,22,163,164,165,
14,15,16,
7,8,9,10,11,12,13,
0,1,2,3,4,6,7,8,
62,63,64,65,66,
191,192,193,194,195,196,
89,90,91,92,93,94,96,97,98,99,100,101,102,103,104,
271,272,273,274,275,276,277,279,280,281,282,283,284,
85,86,87,88,89,90,91,92,93,94,95,96,113,114,115,116,117,118,119,120,122,123,124,
8,9,10,11,12,
10,11,12,13,14,
301,302,303,304,
145,146,147,148,207,208,209,210,
11,12,13,14,15,16,40,41,42,43,44,45,
137,138,139,140,141,184,185,186,187,188,
10,11,12,13,14,15,
55,56,57,58,72,73,74,75,
51,52,53,54,55,56,57,58,70,71,72,73,
49,50,51,52,53,54,55,
13,14,15,16,17,18,19,20,21,
100,101,102,103,104,105,107,108,109,

109,110,111,112,113,114,115,116,117,
65,66,67,68,69,70,71,72,73,
88,89,90,91,92,93,111,112,113,114,115,116,
33,34,35,36,37,38,
17,18,19,20,21,22,
0,1,2,3,4,5,
0,1,2,3,4,
0,1,2,3,4,6,7,8,10,11,12,13,16,17,18,19,
20,21,22,23,24,25,26,27,28,
92,93,94,95,96,97,98,99,100,320,321,322,323,324,325,326,
21,22,23,24,25,66,67,68,69,72,73,74,75,76,
54,55,56,57,58,59,
44,45,46,47,48,
4,5,6,7,8,259,260,261,262,263,265,266,267,268,269,
12,13,14,15,16,17,94,95,96,97,98,99,100,101,102,
139,140,141,142,259,260,261,262,263,264,265,266,267,268,281,282,283,284,285,286,287,
11,12,13,14,15,16,17,
13,14,15,16,18,19,20,21,22,23,24,25,
16,17,18,19,
236,237,238,239,240,
67,68,69,70,71,72,73,74,75,
17,18,19,20,21,22,23,24,25,
131,132,133,134,135,
12,13,14,15,16,17,18,19,
224,225,226,227,229,230,231,232,233,
175,176,177,178,179,
1,2,204,205,206,
91,92,93,94,95,96,
51,52,53,54,80,81,82,83,
7,8,9,10,11,
11,12,13,14,15,
26,27,28,29,30,31,
176,177,178,179,180,
0,1,2,3,4,5,48,49,50,51,52,53,54,55,
56,57,58,59,60,61,
26,27,28,29,30,31,32,33,41,42,43,44,45,
44,45,46,47,48,49,
22,23,24,25,
0,1,2,3,27,28,35,36,37,38,39,
15,16,17,18,19,20,21,22,23,195,196,197,198,199,200,201,202,203,214,215,216,217,218,219,220,
19,20,21,22,23,24,
41,42,43,44,45,46,73,74,75,76,77,78,79,80,81,
7,8,9,10,11,12,13,14,15,
109,110,111,112,113,114,
341,342,343,344,345,346,347,348,349,
39,40,41,42,43,44,
11,12,13,14,15,16,
42,43,44,45,46,47,48,
0,1,2,3,4,5,6,8,9,10,11,13,14,15,
21,22,23,24,25,26,27,
7,8,9,10,11,12,438,439,440,441,442,443,9,
184,185,186,187,188,189,190,230,231,232,233,234,235,236,237,
21,22,23,24,25,26,
4,5,6,7,29,30,31,32,33,
24,25,26,27,28,29,39,40,41,42,43,44,

36,37,38,39,107,108,109,110,37,108,
12,13,14,15,16,227,228,229,230,231,258,259,260,261,262,292,293,294,295,296,297,298,299,300,301,229,
29,30,31,
13,14,15,16,17,18,19,
51,52,53,54,55,56,57,
21,22,23,24,25,26,
57,58,59,60,61,
73,74,75,76,77,78,113,130,131,132,133,134,135,137,138,140,141,142,143,144,145,217,218,219,220,
107,108,109,110,
142,143,144,145,146,147,148,
4,5,6,7,8,9,27,28,29,30,31,32,33,
21,22,23,24,25,85,86,87,88,89,90,91,92,93,
73,74,75,76,77,78,
138,139,140,141,
7,8,9,10,11,12,13,73,74,75,76,77,78,79,94,95,96,97,98,99,100,
36,37,38,39,
12,13,19,20,21,22,23,24,
29,30,31,32,33,34,35,36,
68,69,70,71,72,
0,1,2,3,4,5,11,12,13,14,15,16,17,18,19,20,
6,7,8,9,10,11,90,91,92,93,94,95,96,97,
110,111,112,113,114,115,116,117,
0,1,2,3,4,5,17,18,19,20,21,22,
15,16,17,18,19,20,
24,25,26,27,28,
14,15,16,17,18,23,24,25,26,27,28,29,54,55,
219,220,221,222,223,
102,103,104,105,106,107,108,109,110,154,155,156,157,158,159,160,
129,130,131,132,133,134,
20,21,22,23,24,25,162,163,164,165,166,167,
66,67,68,69,70,71,72,
17,18,19,20,21,22,23,
24,25,26,27,28,36,37,38,39,40,41,42,
0,1,2,3,194,195,196,197,215,216,217,218,
60,61,62,63,64,65,66,67,68,
17,18,19,20,22,23,24,25,32,33,34,35,36,37,
49,50,51,52,53,54,55,56,57,58,62,63,64,65,66,67,68,69,
109,110,111,112,113,114,
15,16,17,18,
14,15,16,17,18,
94,95,96,97,241,242,243,244,245,246,
31,32,33,34,35,36,37,
207,208,209,210,211,212,213,214,
26,27,28,29,30,31,32,33,34,35,
48,49,50,51,52,
18,19,20,21,22,23,24,25,233,234,235,236,
49,50,51,52,53,
87,88,89,90,
60,61,62,63,64,
0,1,2,3,6,7,8,9,157,158,159,160,161,162,
49,50,51,52,53,54,
0,1,2,3,4,5,
15,16,17,18,115,116,117,118,
139,140,141,142,143,245,246,247,
35,36,37,38,39,40,
0,1,2,3,4,5,
53,54,55,56,57,58,59,
12,13,14,15,18,19,20,21,22,23,24,25,26,32,33,34,35,36,56,57,58,59,60,61,62,
23,24,25,26,27,28,
32,33,34,35,36,37,38,39,40,57,58,59,60,
11,12,13,14,15,16,
28,29,30,31,32,33,
29,30,31,32,79,80,81,82,392,
33,34,35,36,37,74,75,76,77,78,79,80,81,82,
308,309,310,311,
7,8,9,10,11,
58,59,60,61,62,63,64,106,107,108,109,110,111,112,113,114,115,259,260,261,262,263,264,265,
8,9,10,11,12,13,142,143,144,145,146,147,
12,13,14,15,16,48,49,50,51,52,53,
204,205,206,207,208,209,
95,96,97,98,126,127,128,129,132,133,134,135,136,137,140,141,142,143,

8,9,10,11,12,
12,13,14,15,27,28,29,47,48,49,50,51,
72,73,74,75,76,77,
31,32,33,34,35,36,
136,137,138,139,140,141,
10,11,12,13,14,15,16,17,19,20,21,22,23,
11,12,13,14,43,87,88,89,90,91,92,93,94,121,122,123,124,125,
417,418,419,420,421,422,
67,68,69,70,71,72,
19,20,21,125,126,127,128,129,
14,15,16,17,18,19,
148,149,150,151,152,153,
206,207,208,209,210,
45,46,47,48,49,136,137,138,139,140,141,142,143,144,
31,32,33,34,35,36,
40,41,42,43,44,45,46,47,48,49,51,52,53,54,55,56,57,
48,49,50,51,52,53,54,55,56,
98,99,100,101,102,103,104,105,106,108,109,110,111,112,113,
174,175,176,177,178,179,180,181,182,243,244,245,246,247,248,249,371,372,373,374,375,376,377,378,380,381,382,383,384,385,386,
212,213,214,215,216,217,218,
5,6,7,8,9,15,16,17,18,19,20,
96,97,98,99,100,101,102,
34,35,36,37,38,

248,249,250,251,252,253,254,255,256,
270,271,272,273,274,275,
23,24,25,26,27,53,54,55,56,57,58,59,
23,24,25,26,27,28,29,30,32,33,34,35,36,
8,9,10,11,12,13,
14,15,16,17,18,19,20,21,22,23,
97,98,99,100,101,102,103,106,107,108,109,110,111,114,115,116,117,118,119,120,121,123,124,125,126,127,
8,9,10,11,12,132,133,134,135,
28,29,30,31,32,51,52,53,54,55,
24,25,26,27,28,29,
42,43,44,45,46,47,48,49,50,180,181,182,183,184,185,186,187,
9,10,11,12,21,22,23,24,59,60,61,62,63,
47,48,49,50,51,52,58,59,60,61,62,63,64,65,
59,60,61,62,63,64,66,67,68,69,70,71,96,97,98,99,
31,32,33,34,35,
35,36,37,38,39,40,41,42,43,44,55,56,57,58,59,60,61,62,63,39,42,58,
2,3,4,5,
14,15,16,17,18,19,20,21,24,25,26,27,28,29,37,38,39,40,41,
87,88,89,90,91,92,
444,445,446,447,448,449,
0,1,2,3,4,6,7,8,10,11,12,13,
74,75,76,77,79,80,81,82,83,84,85,86,87,153,154,155,156,157,158,159,160,
17,18,19,20,21,
57,58,59,60,61,62,

31,32,33,34,35,40,41,42,43,44,45,46,47,48,
5,6,7,8,9,10,11,12,
12,13,14,15,16,17,18,
104,105,106,144,145,146,147,148,149,150,151,152,153,154,155,
28,29,30,31,32,33,34,35,36,37,39,40,41,42,43,44,45,46,47,48,
26,27,28,
39,40,41,42,43,
142,143,144,145,146,

44,45,46,47,48,49,
0,1,31,32,33,34,35,36,56,57,58,59,62,63,64,65,66,72,73,74,75,
234,235,236,237,238,239,259,260,261,262,263,264,
66,67,68,69,72,73,74,75,76,79,80,81,82,84,85,86,87,88,89,90,145,
23,24,25,26,27,28,29,30,

8,9,10,11,12,13,14,
9,10,11,12,13,160,161,162,163,164,165,
66,67,68,69,70,71,72,73,74,83,84,85,94,95,98,99,100,101,102,
33,34,35,36,37,38,
348,349,350,351,352,353,
282,283,284,285,
36,37,38,39,41,42,43,44,45,83,84,85,86,
0,1,2,3,4,5,6,7,8,
41,42,43,44,45,46,
322,323,324,325,
55,56,57,58,
45,46,47,48,102,103,104,105,106,107,129,130,131,132,133,134,135,
4,5,6,7,8,9,10,11,
221,222,223,224,225,226,227,228,
8,9,10,11,12,
28,29,30,31,32,33,
65,66,67,68,69,84,85,86,87,88,89,
253,254,255,256,
11,12,13,14,15,
11,12,13,14,15,16,17,18,19,20,21,22,24,25,26,27,28,29,30,31,32,
81,82,83,84,85,86,87,88,
66,67,68,69,70,
39,40,41,42,
101,102,103,104,105,106,107,108,110,111,112,113,114,115,116,
320,321,322,323,324,325,331,332,333,334,335,342,343,344,345,346,347,
67,68,69,70,71,
5,6,7,8,9,10,11,12,
41,42,43,44,45,46,47,48,49,
4,5,6,7,8,9,
98,99,100,101,102,123,124,125,126,127,128,
75,76,77,78,79,
40,41,42,43,44,45,
30,31,32,33,40,41,42,43,
31,32,33,34,35,
130,131,132,133,134,316,317,318,319,320,
9,10,11,12,13,14,

83,84,85,86,87,88,97,98,99,100,101,
27,28,29,30,31,32,33,
13,14,15,16,17,18,19,20,21,22,23,25,26,27,28,29,30,31,45,46,47,48,
51,52,53,54,55,56,
28,29,30,31,32,34,35,36,50,51,52,53,
15,16,17,18,19,21,22,23,24,25,26,
147,148,149,150,151,153,154,155,156,157,158,160,161,162,163,164,
19,20,21,22,
13,14,15,16,17,18,19,
0,1,2,3,4,5,6,8,9,10,11,12,13,14,15,16,26,27,28,29,30,31,32,33,34,62,63,64,65,66,67,68,69,
68,69,70,71,72,73,
0,1,2,3,4,5,6,19,20,21,22,23,
29,30,31,32,33,34,104,105,106,107,108,
26,27,28,29,30,
317,318,336,337,338,339,340,341,
21,22,23,24,25,26,27,28,29,
6,7,8,9,10,124,125,126,129,130,131,132,133,134,135,136,137,138,
34,35,36,37,106,107,108,109,
22,23,24,
23,24,25,26,27,33,34,35,36,37,
132,133,134,135,158,159,160,161,162,307,308,309,310,315,316,317,318,
89,90,91,92,93,94,
8,9,10,11,12,
22,23,24,25,26,27,28,29,
2,3,74,75,76,77,78,79,
82,83,84,85,
231,232,233,234,235,236,237,238,
0,1,2,3,4,
185,186,187,188,189,190,
28,29,30,31,32,33,56,57,58,59,60,
57,58,59,60,90,91,92,93,94,96,97,98,99,
78,79,80,81,
20,21,22,23,24,25,26,
49,50,51,52,53,54,
8,9,10,11,28,29,30,31,32,38,39,40,
28,29,30,31,32,33,
142,143,144,145,146,147,379,380,381,382,395,396,144,
23,24,25,26,27,28,29,30,31,
1,2,3,4,6,7,8,9,19,20,21,22,23,24,29,30,31,32,33,34,35,36,37,39,40,41,42,43,44,45,46,162,163,164,165,166,167,168,169,
295,296,297,298,299,
145,146,147,148,149,150,151,152,153,
17,18,19,20,21,104,105,106,107,
8,9,10,11,12,13,14,
54,55,56,57,58,59,60,61,62,63,65,66,67,68,69,
145,146,147,148,149,150,
27,28,29,30,31,32,170,171,172,173,174,175,176,177,
124,125,126,127,135,136,137,138,139,140,141,142,143,
181,182,183,184,185,186,187,
70,71,72,73,74,
131,132,133,134,135,136,137,140,141,142,143,144,145,146,147,
28,29,30,162,163,164,165,166,167,
180,181,182,183,184,185,186,187,188,189,349,350,351,352,353,181,184,
5,6,7,8,9,11,12,13,14,15,16,38,39,40,41,43,44,50,51,52,57,
8,9,10,11,12,
15,16,17,18,19,20,21,167,168,169,170,171,172,173,175,176,177,178,179,180,181,182,183,
0,1,2,3,4,5,107,108,109,110,111,112,120,121,122,123,124,125,170,171,172,173,174,175,
41,42,43,44,45,46,
43,44,45,46,47,48,
12,13,14,15,16,17,18,19,20,32,33,34,35,
0,1,2,3,4,5,6,
52,53,54,55,56,57,
116,117,118,119,161,162,163,164,165,166,
78,79,80,81,
13,14,15,16,17,18,19,20,21,
90,91,92,93,94,
76,77,78,79,80,81,82,
52,53,54,55,56,57,58,59,60,
30,31,32,33,34,35,
4,5,6,7,8,70,71,72,73,74,75,76,77,172,173,174,175,176,
23,24,25,26,27,80,81,82,83,84,85,86,87,88,89,
99,100,101,102,157,158,159,160,161,162,163,164,165,166,

109,110,111,112,128,129,130,135,136,137,136,
